"cluster","value"
"0",1
"1",1
"2",1
"3",1
"4",0.908086785009862
"5",0.981681034482759
