,feature,importance
0,1,0.27108106539268395
1,4,0.2548793333392474
2,2,0.13542851137342712
3,0,0.11651210969524085
4,3,0.11361157332771234
5,5,0.10848740687168826
