,statistic,significance
g0,0.409615985,0.001
niblings,0.584826312,0.001
siblings,0.617165127,0.001
g2,0.736751265,0.001
g1,0.55337981,0.001